tipo,id,nome,arquivo_local,url_gerada
CAPA,666,Adoradores 2,C:/Users/Tiago Neves/AppData/Roaming/LouvorJA/config/capas/adoradores2.bmp,file:///C:/Users/Tiago Neves/AppData/Roaming/LouvorJA/config/capas/adoradores2.bmp
CAPA,670,Adoradores 3,C:/Users/Tiago Neves/AppData/Roaming/LouvorJA/config/capas/adoradores3.bmp,file:///C:/Users/Tiago Neves/AppData/Roaming/LouvorJA/config/capas/adoradores3.bmp
CAPA,703,Adoradores 4,C:/Users/Tiago Neves/AppData/Roaming/LouvorJA/config/capas/adoradores4.bmp,file:///C:/Users/Tiago Neves/AppData/Roaming/LouvorJA/config/capas/adoradores4.bmp
CAPA,724,Adoradores 5,C:/Users/Tiago Neves/AppData/Roaming/LouvorJA/config/capas/adoradores5.bmp,file:///C:/Users/Tiago Neves/AppData/Roaming/LouvorJA/config/capas/adoradores5.bmp
CAPA,727,Meu Lugar no Mundo,C:/Users/Tiago Neves/AppData/Roaming/LouvorJA/config/capas/2026.bmp,file:///C:/Users/Tiago Neves/AppData/Roaming/LouvorJA/config/capas/2026.bmp
AUDIO_PB,49,Missão,C:/Users/Tiago Neves/AppData/Roaming/LouvorJA/config/musicas/Missão - PB.mp3,file:///C:/Users/Tiago Neves/AppData/Roaming/LouvorJA/config/musicas/Missão - PB.mp3
AUDIO,141,Nossa Missão,C:/Users/Tiago Neves/AppData/Roaming/LouvorJA/config/musicas/Nossa Missão.mp3,file:///C:/Users/Tiago Neves/AppData/Roaming/LouvorJA/config/musicas/Nossa Missão.mp3
AUDIO_PB,141,Nossa Missão,C:/Users/Tiago Neves/AppData/Roaming/LouvorJA/config/musicas/Nossa Missão - PB.mp3,file:///C:/Users/Tiago Neves/AppData/Roaming/LouvorJA/config/musicas/Nossa Missão - PB.mp3
AUDIO,160,Tua Palavra,C:/Users/Tiago Neves/AppData/Roaming/LouvorJA/config/musicas/Tua Palavra.mp3,file:///C:/Users/Tiago Neves/AppData/Roaming/LouvorJA/config/musicas/Tua Palavra.mp3
AUDIO_PB,160,Tua Palavra,C:/Users/Tiago Neves/AppData/Roaming/LouvorJA/config/musicas/Tua Palavra - PB.mp3,file:///C:/Users/Tiago Neves/AppData/Roaming/LouvorJA/config/musicas/Tua Palavra - PB.mp3
AUDIO,1319,Adorá-lo,C:/Users/Tiago Neves/AppData/Roaming/LouvorJA/config/musicas/Adorá-lo.mp3,file:///C:/Users/Tiago Neves/AppData/Roaming/LouvorJA/config/musicas/Adorá-lo.mp3
AUDIO_PB,1319,Adorá-lo,C:/Users/Tiago Neves/AppData/Roaming/LouvorJA/config/musicas/Adorá-lo - PB.mp3,file:///C:/Users/Tiago Neves/AppData/Roaming/LouvorJA/config/musicas/Adorá-lo - PB.mp3
AUDIO,1320,Grande Deus,C:/Users/Tiago Neves/AppData/Roaming/LouvorJA/config/musicas/Grande Deus.mp3,file:///C:/Users/Tiago Neves/AppData/Roaming/LouvorJA/config/musicas/Grande Deus.mp3
AUDIO_PB,1320,Grande Deus,C:/Users/Tiago Neves/AppData/Roaming/LouvorJA/config/musicas/Grande Deus - PB.mp3,file:///C:/Users/Tiago Neves/AppData/Roaming/LouvorJA/config/musicas/Grande Deus - PB.mp3
AUDIO,1321,Verei Jesus,C:/Users/Tiago Neves/AppData/Roaming/LouvorJA/config/musicas/Verei Jesus.mp3,file:///C:/Users/Tiago Neves/AppData/Roaming/LouvorJA/config/musicas/Verei Jesus.mp3
AUDIO_PB,1321,Verei Jesus,C:/Users/Tiago Neves/AppData/Roaming/LouvorJA/config/musicas/Verei Jesus - PB.mp3,file:///C:/Users/Tiago Neves/AppData/Roaming/LouvorJA/config/musicas/Verei Jesus - PB.mp3
AUDIO,1322,O Alto Clamor,C:/Users/Tiago Neves/AppData/Roaming/LouvorJA/config/musicas/O Alto Clamor.mp3,file:///C:/Users/Tiago Neves/AppData/Roaming/LouvorJA/config/musicas/O Alto Clamor.mp3
AUDIO_PB,1322,O Alto Clamor,C:/Users/Tiago Neves/AppData/Roaming/LouvorJA/config/musicas/O Alto Clamor - PB.mp3,file:///C:/Users/Tiago Neves/AppData/Roaming/LouvorJA/config/musicas/O Alto Clamor - PB.mp3
AUDIO,1323,Ele Vive em Mim,C:/Users/Tiago Neves/AppData/Roaming/LouvorJA/config/musicas/Ele Vive em Mim.mp3,file:///C:/Users/Tiago Neves/AppData/Roaming/LouvorJA/config/musicas/Ele Vive em Mim.mp3
AUDIO_PB,1323,Ele Vive em Mim,C:/Users/Tiago Neves/AppData/Roaming/LouvorJA/config/musicas/Ele Vive em Mim - PB.mp3,file:///C:/Users/Tiago Neves/AppData/Roaming/LouvorJA/config/musicas/Ele Vive em Mim - PB.mp3
AUDIO,1324,Conversar com Deus,C:/Users/Tiago Neves/AppData/Roaming/LouvorJA/config/musicas/Conversar com Deus.mp3,file:///C:/Users/Tiago Neves/AppData/Roaming/LouvorJA/config/musicas/Conversar com Deus.mp3
AUDIO_PB,1324,Conversar com Deus,C:/Users/Tiago Neves/AppData/Roaming/LouvorJA/config/musicas/Conversar com Deus - PB.mp3,file:///C:/Users/Tiago Neves/AppData/Roaming/LouvorJA/config/musicas/Conversar com Deus - PB.mp3
AUDIO,1325,Em Ti,C:/Users/Tiago Neves/AppData/Roaming/LouvorJA/config/musicas/Em Ti.mp3,file:///C:/Users/Tiago Neves/AppData/Roaming/LouvorJA/config/musicas/Em Ti.mp3
AUDIO_PB,1325,Em Ti,C:/Users/Tiago Neves/AppData/Roaming/LouvorJA/config/musicas/Em Ti - PB.mp3,file:///C:/Users/Tiago Neves/AppData/Roaming/LouvorJA/config/musicas/Em Ti - PB.mp3
AUDIO,1326,Ele Vem,C:/Users/Tiago Neves/AppData/Roaming/LouvorJA/config/musicas/Ele Vem.mp3,file:///C:/Users/Tiago Neves/AppData/Roaming/LouvorJA/config/musicas/Ele Vem.mp3
AUDIO_PB,1326,Ele Vem,C:/Users/Tiago Neves/AppData/Roaming/LouvorJA/config/musicas/Ele Vem - PB.mp3,file:///C:/Users/Tiago Neves/AppData/Roaming/LouvorJA/config/musicas/Ele Vem - PB.mp3
AUDIO,1327,Um Milagre,C:/Users/Tiago Neves/AppData/Roaming/LouvorJA/config/musicas/Um Milagre.mp3,file:///C:/Users/Tiago Neves/AppData/Roaming/LouvorJA/config/musicas/Um Milagre.mp3
AUDIO_PB,1327,Um Milagre,C:/Users/Tiago Neves/AppData/Roaming/LouvorJA/config/musicas/Um Milagre - PB.mp3,file:///C:/Users/Tiago Neves/AppData/Roaming/LouvorJA/config/musicas/Um Milagre - PB.mp3
AUDIO,1328,Digno de Louvor,C:/Users/Tiago Neves/AppData/Roaming/LouvorJA/config/musicas/Digno de Louvor.mp3,file:///C:/Users/Tiago Neves/AppData/Roaming/LouvorJA/config/musicas/Digno de Louvor.mp3
AUDIO_PB,1328,Digno de Louvor,C:/Users/Tiago Neves/AppData/Roaming/LouvorJA/config/musicas/Digno de Louvor - PB.mp3,file:///C:/Users/Tiago Neves/AppData/Roaming/LouvorJA/config/musicas/Digno de Louvor - PB.mp3
AUDIO,1329,Eis-me Aqui,C:/Users/Tiago Neves/AppData/Roaming/LouvorJA/config/musicas/Eis-me Aqui.mp3,file:///C:/Users/Tiago Neves/AppData/Roaming/LouvorJA/config/musicas/Eis-me Aqui.mp3
AUDIO_PB,1329,Eis-me Aqui,C:/Users/Tiago Neves/AppData/Roaming/LouvorJA/config/musicas/Eis-me Aqui - PB.mp3,file:///C:/Users/Tiago Neves/AppData/Roaming/LouvorJA/config/musicas/Eis-me Aqui - PB.mp3
AUDIO,1330,Tua Vontade,C:/Users/Tiago Neves/AppData/Roaming/LouvorJA/config/musicas/Tua Vontade.mp3,file:///C:/Users/Tiago Neves/AppData/Roaming/LouvorJA/config/musicas/Tua Vontade.mp3
AUDIO_PB,1330,Tua Vontade,C:/Users/Tiago Neves/AppData/Roaming/LouvorJA/config/musicas/Tua Vontade - PB.mp3,file:///C:/Users/Tiago Neves/AppData/Roaming/LouvorJA/config/musicas/Tua Vontade - PB.mp3
AUDIO,1361,Flua em Mim,C:/Users/Tiago Neves/AppData/Roaming/LouvorJA/config/musicas/Flua em Mim.mp3,file:///C:/Users/Tiago Neves/AppData/Roaming/LouvorJA/config/musicas/Flua em Mim.mp3
AUDIO_PB,1361,Flua em Mim,C:/Users/Tiago Neves/AppData/Roaming/LouvorJA/config/musicas/Flua em Mim - PB.mp3,file:///C:/Users/Tiago Neves/AppData/Roaming/LouvorJA/config/musicas/Flua em Mim - PB.mp3
AUDIO,1362,Nossa Oração,C:/Users/Tiago Neves/AppData/Roaming/LouvorJA/config/musicas/Nossa Oração.mp3,file:///C:/Users/Tiago Neves/AppData/Roaming/LouvorJA/config/musicas/Nossa Oração.mp3
AUDIO_PB,1362,Nossa Oração,C:/Users/Tiago Neves/AppData/Roaming/LouvorJA/config/musicas/Nossa Oração - PB.mp3,file:///C:/Users/Tiago Neves/AppData/Roaming/LouvorJA/config/musicas/Nossa Oração - PB.mp3
AUDIO,1363,Nas Mãos do Oleiro,C:/Users/Tiago Neves/AppData/Roaming/LouvorJA/config/musicas/Nas Mãos do Oleiro.mp3,file:///C:/Users/Tiago Neves/AppData/Roaming/LouvorJA/config/musicas/Nas Mãos do Oleiro.mp3
AUDIO_PB,1363,Nas Mãos do Oleiro,C:/Users/Tiago Neves/AppData/Roaming/LouvorJA/config/musicas/Nas Mãos do Oleiro - PB.mp3,file:///C:/Users/Tiago Neves/AppData/Roaming/LouvorJA/config/musicas/Nas Mãos do Oleiro - PB.mp3
AUDIO,1364,Tua Palavra,C:/Users/Tiago Neves/AppData/Roaming/LouvorJA/config/musicas/Tua Palavra.mp3,file:///C:/Users/Tiago Neves/AppData/Roaming/LouvorJA/config/musicas/Tua Palavra.mp3
AUDIO_PB,1364,Tua Palavra,C:/Users/Tiago Neves/AppData/Roaming/LouvorJA/config/musicas/Tua Palavra - PB.mp3,file:///C:/Users/Tiago Neves/AppData/Roaming/LouvorJA/config/musicas/Tua Palavra - PB.mp3
AUDIO,1365,Cópia de Jesus,C:/Users/Tiago Neves/AppData/Roaming/LouvorJA/config/musicas/Cópia de Jesus.mp3,file:///C:/Users/Tiago Neves/AppData/Roaming/LouvorJA/config/musicas/Cópia de Jesus.mp3
AUDIO_PB,1365,Cópia de Jesus,C:/Users/Tiago Neves/AppData/Roaming/LouvorJA/config/musicas/Cópia de Jesus - PB.mp3,file:///C:/Users/Tiago Neves/AppData/Roaming/LouvorJA/config/musicas/Cópia de Jesus - PB.mp3
AUDIO,1366,Fé e Ação,C:/Users/Tiago Neves/AppData/Roaming/LouvorJA/config/musicas/Fé e Ação.mp3,file:///C:/Users/Tiago Neves/AppData/Roaming/LouvorJA/config/musicas/Fé e Ação.mp3
AUDIO_PB,1366,Fé e Ação,C:/Users/Tiago Neves/AppData/Roaming/LouvorJA/config/musicas/Fé e Ação - PB.mp3,file:///C:/Users/Tiago Neves/AppData/Roaming/LouvorJA/config/musicas/Fé e Ação - PB.mp3
AUDIO,1367,Medley do Hinário,C:/Users/Tiago Neves/AppData/Roaming/LouvorJA/config/musicas/Medley.mp3,file:///C:/Users/Tiago Neves/AppData/Roaming/LouvorJA/config/musicas/Medley.mp3
AUDIO_PB,1367,Medley do Hinário,C:/Users/Tiago Neves/AppData/Roaming/LouvorJA/config/musicas/Medley - PB.mp3,file:///C:/Users/Tiago Neves/AppData/Roaming/LouvorJA/config/musicas/Medley - PB.mp3
AUDIO,1368,Santuário no Tempo,C:/Users/Tiago Neves/AppData/Roaming/LouvorJA/config/musicas/Santuário no Tempo.mp3,file:///C:/Users/Tiago Neves/AppData/Roaming/LouvorJA/config/musicas/Santuário no Tempo.mp3
AUDIO_PB,1368,Santuário no Tempo,C:/Users/Tiago Neves/AppData/Roaming/LouvorJA/config/musicas/Santuário no Tempo - PB.mp3,file:///C:/Users/Tiago Neves/AppData/Roaming/LouvorJA/config/musicas/Santuário no Tempo - PB.mp3
AUDIO,1369,Declaração,C:/Users/Tiago Neves/AppData/Roaming/LouvorJA/config/musicas/Declaração.mp3,file:///C:/Users/Tiago Neves/AppData/Roaming/LouvorJA/config/musicas/Declaração.mp3
AUDIO_PB,1369,Declaração,C:/Users/Tiago Neves/AppData/Roaming/LouvorJA/config/musicas/Declaração - PB.mp3,file:///C:/Users/Tiago Neves/AppData/Roaming/LouvorJA/config/musicas/Declaração - PB.mp3
AUDIO,1370,Eu Vou,C:/Users/Tiago Neves/AppData/Roaming/LouvorJA/config/musicas/Eu Vou.mp3,file:///C:/Users/Tiago Neves/AppData/Roaming/LouvorJA/config/musicas/Eu Vou.mp3
AUDIO_PB,1370,Eu Vou,C:/Users/Tiago Neves/AppData/Roaming/LouvorJA/config/musicas/Eu Vou - PB.mp3,file:///C:/Users/Tiago Neves/AppData/Roaming/LouvorJA/config/musicas/Eu Vou - PB.mp3
AUDIO,1371,Milagres,C:/Users/Tiago Neves/AppData/Roaming/LouvorJA/config/musicas/Milagres.mp3,file:///C:/Users/Tiago Neves/AppData/Roaming/LouvorJA/config/musicas/Milagres.mp3
AUDIO_PB,1371,Milagres,C:/Users/Tiago Neves/AppData/Roaming/LouvorJA/config/musicas/Milagres - PB.mp3,file:///C:/Users/Tiago Neves/AppData/Roaming/LouvorJA/config/musicas/Milagres - PB.mp3
AUDIO,1372,Em Tua Presença,C:/Users/Tiago Neves/AppData/Roaming/LouvorJA/config/musicas/Em Tua Presença.mp3,file:///C:/Users/Tiago Neves/AppData/Roaming/LouvorJA/config/musicas/Em Tua Presença.mp3
AUDIO_PB,1372,Em Tua Presença,C:/Users/Tiago Neves/AppData/Roaming/LouvorJA/config/musicas/Em Tua Presença - PB.mp3,file:///C:/Users/Tiago Neves/AppData/Roaming/LouvorJA/config/musicas/Em Tua Presença - PB.mp3
AUDIO,1373,Restaurado,C:/Users/Tiago Neves/AppData/Roaming/LouvorJA/config/musicas/Restaurado.mp3,file:///C:/Users/Tiago Neves/AppData/Roaming/LouvorJA/config/musicas/Restaurado.mp3
AUDIO_PB,1373,Restaurado,C:/Users/Tiago Neves/AppData/Roaming/LouvorJA/config/musicas/Restaurado - PB.mp3,file:///C:/Users/Tiago Neves/AppData/Roaming/LouvorJA/config/musicas/Restaurado - PB.mp3
AUDIO,1374,"Tua Casa, Tua Morada","C:/Users/Tiago Neves/AppData/Roaming/LouvorJA/config/musicas/Tua Casa, Tua Morada.mp3","file:///C:/Users/Tiago Neves/AppData/Roaming/LouvorJA/config/musicas/Tua Casa, Tua Morada.mp3"
AUDIO_PB,1374,"Tua Casa, Tua Morada","C:/Users/Tiago Neves/AppData/Roaming/LouvorJA/config/musicas/Tua Casa, Tua Morada - PB.mp3","file:///C:/Users/Tiago Neves/AppData/Roaming/LouvorJA/config/musicas/Tua Casa, Tua Morada - PB.mp3"
AUDIO,1375,Quero Entregar,C:/Users/Tiago Neves/AppData/Roaming/LouvorJA/config/musicas/Quero Entregar.mp3,file:///C:/Users/Tiago Neves/AppData/Roaming/LouvorJA/config/musicas/Quero Entregar.mp3
AUDIO_PB,1375,Quero Entregar,C:/Users/Tiago Neves/AppData/Roaming/LouvorJA/config/musicas/Quero Entregar - PB.mp3,file:///C:/Users/Tiago Neves/AppData/Roaming/LouvorJA/config/musicas/Quero Entregar - PB.mp3
AUDIO,1376,Quero Te Pedir Senhor,C:/Users/Tiago Neves/AppData/Roaming/LouvorJA/config/musicas/Quero Te Pedir Senhor.mp3,file:///C:/Users/Tiago Neves/AppData/Roaming/LouvorJA/config/musicas/Quero Te Pedir Senhor.mp3
AUDIO_PB,1376,Quero Te Pedir Senhor,C:/Users/Tiago Neves/AppData/Roaming/LouvorJA/config/musicas/Quero Te Pedir Senhor - PB.mp3,file:///C:/Users/Tiago Neves/AppData/Roaming/LouvorJA/config/musicas/Quero Te Pedir Senhor - PB.mp3
AUDIO,1381,Um Milagre,C:/Users/Tiago Neves/AppData/Roaming/LouvorJA/config/musicas/Um Milagre.mp3,file:///C:/Users/Tiago Neves/AppData/Roaming/LouvorJA/config/musicas/Um Milagre.mp3
AUDIO,1593,Medley,C:/Users/Tiago Neves/AppData/Roaming/LouvorJA/config/musicas/Medley.mp3,file:///C:/Users/Tiago Neves/AppData/Roaming/LouvorJA/config/musicas/Medley.mp3
AUDIO,1655,Eu Pertenço à Luz,C:/Users/Tiago Neves/AppData/Roaming/LouvorJA/config/musicas/Eu Pertenço à Luz (v.2).mp3,file:///C:/Users/Tiago Neves/AppData/Roaming/LouvorJA/config/musicas/Eu Pertenço à Luz (v.2).mp3
AUDIO_PB,1655,Eu Pertenço à Luz,C:/Users/Tiago Neves/AppData/Roaming/LouvorJA/config/musicas/Eu Pertenço à Luz - PB.mp3,file:///C:/Users/Tiago Neves/AppData/Roaming/LouvorJA/config/musicas/Eu Pertenço à Luz - PB.mp3
AUDIO,1656,Meu Pastor,C:/Users/Tiago Neves/AppData/Roaming/LouvorJA/config/musicas/Meu Pastor (v.2).mp3,file:///C:/Users/Tiago Neves/AppData/Roaming/LouvorJA/config/musicas/Meu Pastor (v.2).mp3
AUDIO_PB,1656,Meu Pastor,C:/Users/Tiago Neves/AppData/Roaming/LouvorJA/config/musicas/Meu Pastor - PB.mp3,file:///C:/Users/Tiago Neves/AppData/Roaming/LouvorJA/config/musicas/Meu Pastor - PB.mp3
AUDIO,1657,Confie,C:/Users/Tiago Neves/AppData/Roaming/LouvorJA/config/musicas/Confie (v.2).mp3,file:///C:/Users/Tiago Neves/AppData/Roaming/LouvorJA/config/musicas/Confie (v.2).mp3
AUDIO_PB,1657,Confie,C:/Users/Tiago Neves/AppData/Roaming/LouvorJA/config/musicas/Confie - PB.mp3,file:///C:/Users/Tiago Neves/AppData/Roaming/LouvorJA/config/musicas/Confie - PB.mp3
AUDIO,1658,Levanto a Cruz,C:/Users/Tiago Neves/AppData/Roaming/LouvorJA/config/musicas/Levanto a Cruz (v.2).mp3,file:///C:/Users/Tiago Neves/AppData/Roaming/LouvorJA/config/musicas/Levanto a Cruz (v.2).mp3
AUDIO_PB,1658,Levanto a Cruz,C:/Users/Tiago Neves/AppData/Roaming/LouvorJA/config/musicas/Levanto a Cruz - PB.mp3,file:///C:/Users/Tiago Neves/AppData/Roaming/LouvorJA/config/musicas/Levanto a Cruz - PB.mp3
AUDIO,1659,Estou Aqui,C:/Users/Tiago Neves/AppData/Roaming/LouvorJA/config/musicas/Estou Aqui (v.2).mp3,file:///C:/Users/Tiago Neves/AppData/Roaming/LouvorJA/config/musicas/Estou Aqui (v.2).mp3
AUDIO_PB,1659,Estou Aqui,C:/Users/Tiago Neves/AppData/Roaming/LouvorJA/config/musicas/Estou Aqui - PB.mp3,file:///C:/Users/Tiago Neves/AppData/Roaming/LouvorJA/config/musicas/Estou Aqui - PB.mp3
AUDIO,1660,Missão,C:/Users/Tiago Neves/AppData/Roaming/LouvorJA/config/musicas/Missão (v.2).mp3,file:///C:/Users/Tiago Neves/AppData/Roaming/LouvorJA/config/musicas/Missão (v.2).mp3
AUDIO_PB,1660,Missão,C:/Users/Tiago Neves/AppData/Roaming/LouvorJA/config/musicas/Missão - PB.mp3,file:///C:/Users/Tiago Neves/AppData/Roaming/LouvorJA/config/musicas/Missão - PB.mp3
AUDIO,1661,Volta para Mim,C:/Users/Tiago Neves/AppData/Roaming/LouvorJA/config/musicas/Volta para Mim (v.2).mp3,file:///C:/Users/Tiago Neves/AppData/Roaming/LouvorJA/config/musicas/Volta para Mim (v.2).mp3
AUDIO_PB,1661,Volta para Mim,C:/Users/Tiago Neves/AppData/Roaming/LouvorJA/config/musicas/Volta para Mim - PB.mp3,file:///C:/Users/Tiago Neves/AppData/Roaming/LouvorJA/config/musicas/Volta para Mim - PB.mp3
AUDIO,1662,Habita em Mim,C:/Users/Tiago Neves/AppData/Roaming/LouvorJA/config/musicas/Habita em Mim (v.2).mp3,file:///C:/Users/Tiago Neves/AppData/Roaming/LouvorJA/config/musicas/Habita em Mim (v.2).mp3
AUDIO_PB,1662,Habita em Mim,C:/Users/Tiago Neves/AppData/Roaming/LouvorJA/config/musicas/Habita em Mim - PB.mp3,file:///C:/Users/Tiago Neves/AppData/Roaming/LouvorJA/config/musicas/Habita em Mim - PB.mp3
AUDIO,1663,Seja o Centro,C:/Users/Tiago Neves/AppData/Roaming/LouvorJA/config/musicas/Seja o Centro (v.2).mp3,file:///C:/Users/Tiago Neves/AppData/Roaming/LouvorJA/config/musicas/Seja o Centro (v.2).mp3
AUDIO_PB,1663,Seja o Centro,C:/Users/Tiago Neves/AppData/Roaming/LouvorJA/config/musicas/Seja o Centro - PB.mp3,file:///C:/Users/Tiago Neves/AppData/Roaming/LouvorJA/config/musicas/Seja o Centro - PB.mp3
AUDIO,1664,Teu Amor,C:/Users/Tiago Neves/AppData/Roaming/LouvorJA/config/musicas/Teu Amor (v.2).mp3,file:///C:/Users/Tiago Neves/AppData/Roaming/LouvorJA/config/musicas/Teu Amor (v.2).mp3
AUDIO_PB,1664,Teu Amor,C:/Users/Tiago Neves/AppData/Roaming/LouvorJA/config/musicas/Teu Amor - PB.mp3,file:///C:/Users/Tiago Neves/AppData/Roaming/LouvorJA/config/musicas/Teu Amor - PB.mp3
AUDIO,1723,Eu Vou,C:/Users/Tiago Neves/AppData/Roaming/LouvorJA/config/musicas/Eu Vou.mp3,file:///C:/Users/Tiago Neves/AppData/Roaming/LouvorJA/config/musicas/Eu Vou.mp3
AUDIO_PB,1723,Eu Vou,C:/Users/Tiago Neves/AppData/Roaming/LouvorJA/config/musicas/Eu Vou - PB.mp3,file:///C:/Users/Tiago Neves/AppData/Roaming/LouvorJA/config/musicas/Eu Vou - PB.mp3
AUDIO,4762,Caminho,C:/Users/Tiago Neves/AppData/Roaming/LouvorJA/config/musicas/Caminho.mp3,file:///C:/Users/Tiago Neves/AppData/Roaming/LouvorJA/config/musicas/Caminho.mp3
AUDIO_PB,4762,Caminho,C:/Users/Tiago Neves/AppData/Roaming/LouvorJA/config/musicas/Caminho - PB.mp3,file:///C:/Users/Tiago Neves/AppData/Roaming/LouvorJA/config/musicas/Caminho - PB.mp3
AUDIO,4763,Carta de Amor,C:/Users/Tiago Neves/AppData/Roaming/LouvorJA/config/musicas/Carta de Amor.mp3,file:///C:/Users/Tiago Neves/AppData/Roaming/LouvorJA/config/musicas/Carta de Amor.mp3
AUDIO_PB,4763,Carta de Amor,C:/Users/Tiago Neves/AppData/Roaming/LouvorJA/config/musicas/Carta de Amor - PB.mp3,file:///C:/Users/Tiago Neves/AppData/Roaming/LouvorJA/config/musicas/Carta de Amor - PB.mp3
AUDIO,4764,Digno,C:/Users/Tiago Neves/AppData/Roaming/LouvorJA/config/musicas/Digno.mp3,file:///C:/Users/Tiago Neves/AppData/Roaming/LouvorJA/config/musicas/Digno.mp3
AUDIO_PB,4764,Digno,C:/Users/Tiago Neves/AppData/Roaming/LouvorJA/config/musicas/Digno - PB.mp3,file:///C:/Users/Tiago Neves/AppData/Roaming/LouvorJA/config/musicas/Digno - PB.mp3
AUDIO,4765,Ele Vai Agir,C:/Users/Tiago Neves/AppData/Roaming/LouvorJA/config/musicas/Ele Vai Agir.mp3,file:///C:/Users/Tiago Neves/AppData/Roaming/LouvorJA/config/musicas/Ele Vai Agir.mp3
AUDIO_PB,4765,Ele Vai Agir,C:/Users/Tiago Neves/AppData/Roaming/LouvorJA/config/musicas/Ele Vai Agir - PB.mp3,file:///C:/Users/Tiago Neves/AppData/Roaming/LouvorJA/config/musicas/Ele Vai Agir - PB.mp3
AUDIO,4766,Graça,C:/Users/Tiago Neves/AppData/Roaming/LouvorJA/config/musicas/Graça.mp3,file:///C:/Users/Tiago Neves/AppData/Roaming/LouvorJA/config/musicas/Graça.mp3
AUDIO_PB,4766,Graça,C:/Users/Tiago Neves/AppData/Roaming/LouvorJA/config/musicas/Graça - PB.mp3,file:///C:/Users/Tiago Neves/AppData/Roaming/LouvorJA/config/musicas/Graça - PB.mp3
AUDIO,4767,Intensamente,C:/Users/Tiago Neves/AppData/Roaming/LouvorJA/config/musicas/Intensamente.mp3,file:///C:/Users/Tiago Neves/AppData/Roaming/LouvorJA/config/musicas/Intensamente.mp3
AUDIO_PB,4767,Intensamente,C:/Users/Tiago Neves/AppData/Roaming/LouvorJA/config/musicas/Intensamente - PB.mp3,file:///C:/Users/Tiago Neves/AppData/Roaming/LouvorJA/config/musicas/Intensamente - PB.mp3
AUDIO,4768,Jesus,C:/Users/Tiago Neves/AppData/Roaming/LouvorJA/config/musicas/Jesus.mp3,file:///C:/Users/Tiago Neves/AppData/Roaming/LouvorJA/config/musicas/Jesus.mp3
AUDIO_PB,4768,Jesus,C:/Users/Tiago Neves/AppData/Roaming/LouvorJA/config/musicas/Jesus - PB.mp3,file:///C:/Users/Tiago Neves/AppData/Roaming/LouvorJA/config/musicas/Jesus - PB.mp3
AUDIO,4769,Nossa Missão,C:/Users/Tiago Neves/AppData/Roaming/LouvorJA/config/musicas/Nossa Missão.mp3,file:///C:/Users/Tiago Neves/AppData/Roaming/LouvorJA/config/musicas/Nossa Missão.mp3
AUDIO_PB,4769,Nossa Missão,C:/Users/Tiago Neves/AppData/Roaming/LouvorJA/config/musicas/Nossa Missão - PB.mp3,file:///C:/Users/Tiago Neves/AppData/Roaming/LouvorJA/config/musicas/Nossa Missão - PB.mp3
AUDIO,4770,Pra Teu Louvor,C:/Users/Tiago Neves/AppData/Roaming/LouvorJA/config/musicas/Pra Teu Louvor.mp3,file:///C:/Users/Tiago Neves/AppData/Roaming/LouvorJA/config/musicas/Pra Teu Louvor.mp3
AUDIO_PB,4770,Pra Teu Louvor,C:/Users/Tiago Neves/AppData/Roaming/LouvorJA/config/musicas/Pra Teu Louvor - PB.mp3,file:///C:/Users/Tiago Neves/AppData/Roaming/LouvorJA/config/musicas/Pra Teu Louvor - PB.mp3
AUDIO,4771,Santo Espírito,C:/Users/Tiago Neves/AppData/Roaming/LouvorJA/config/musicas/Santo Espírito.mp3,file:///C:/Users/Tiago Neves/AppData/Roaming/LouvorJA/config/musicas/Santo Espírito.mp3
AUDIO_PB,4771,Santo Espírito,C:/Users/Tiago Neves/AppData/Roaming/LouvorJA/config/musicas/Santo Espírito - PB.mp3,file:///C:/Users/Tiago Neves/AppData/Roaming/LouvorJA/config/musicas/Santo Espírito - PB.mp3
AUDIO,4772,Usa-me,C:/Users/Tiago Neves/AppData/Roaming/LouvorJA/config/musicas/Usa-Me.mp3,file:///C:/Users/Tiago Neves/AppData/Roaming/LouvorJA/config/musicas/Usa-Me.mp3
AUDIO_PB,4772,Usa-me,C:/Users/Tiago Neves/AppData/Roaming/LouvorJA/config/musicas/Usa-Me - PB.mp3,file:///C:/Users/Tiago Neves/AppData/Roaming/LouvorJA/config/musicas/Usa-Me - PB.mp3
AUDIO,4773,Vitória,C:/Users/Tiago Neves/AppData/Roaming/LouvorJA/config/musicas/Vitória.mp3,file:///C:/Users/Tiago Neves/AppData/Roaming/LouvorJA/config/musicas/Vitória.mp3
AUDIO_PB,4773,Vitória,C:/Users/Tiago Neves/AppData/Roaming/LouvorJA/config/musicas/Vitória - PB.mp3,file:///C:/Users/Tiago Neves/AppData/Roaming/LouvorJA/config/musicas/Vitória - PB.mp3
AUDIO,4774,És o Ar Que Eu Respiro,C:/Users/Tiago Neves/AppData/Roaming/LouvorJA/config/musicas/És o Ar Que Eu Respiro.mp3,file:///C:/Users/Tiago Neves/AppData/Roaming/LouvorJA/config/musicas/És o Ar Que Eu Respiro.mp3
AUDIO_PB,4774,És o Ar Que Eu Respiro,C:/Users/Tiago Neves/AppData/Roaming/LouvorJA/config/musicas/És o Ar Que Eu Respiro - PB.mp3,file:///C:/Users/Tiago Neves/AppData/Roaming/LouvorJA/config/musicas/És o Ar Que Eu Respiro - PB.mp3
AUDIO,4802,Meu Lugar no Mundo,C:/Users/Tiago Neves/AppData/Roaming/LouvorJA/config/musicas/Meu Lugar no Mundo.mp3,file:///C:/Users/Tiago Neves/AppData/Roaming/LouvorJA/config/musicas/Meu Lugar no Mundo.mp3
AUDIO_PB,4802,Meu Lugar no Mundo,C:/Users/Tiago Neves/AppData/Roaming/LouvorJA/config/musicas/Meu Lugar no Mundo - PB.mp3,file:///C:/Users/Tiago Neves/AppData/Roaming/LouvorJA/config/musicas/Meu Lugar no Mundo - PB.mp3